{
  "project_info": {
    "project_number": "980632991210",
    "firebase_url": "https://my-projectdb-fe7bf-default-rtdb.firebaseio.com",
    "project_id": "my-projectdb-fe7bf",
    "storage_bucket": "my-projectdb-fe7bf.firebasestorage.app"
  },
  "client": [
    {
      "client_info": {
        "mobilesdk_app_id": "1:980632991210:android:40f26a0a4329eea6bdee93",
        "android_client_info": {
          "package_name": "com.example.myproject"
        }
      },
      "oauth_client": [],
      "api_key": [
        {
          "current_key": "AIzaSyA48tbjLjxHJ9Aq4M-bpCO0pD6fwxrytZk"
        }
      ],
      "services": {
        "appinvite_service": {
          "other_platform_oauth_client": []
        }
      }
    }
  ],
  "configuration_version": "1"
}